{"mean_balanced_accuracy_val": 0.6743967621891699, "mean_roc_auc_val": 0.8743842311166816, "mean_average_precision_val": 0.5708448497323164, "mean_average_precision_train": 0.6478128571870948, "average_precision_test": 0.6110063520984753, "roc_auc_test": 0.8785782215882074, "_timestamp": 1711586790.4628162, "_runtime": 18.531036138534546, "_step": 0, "_wandb": {"runtime": 17}}