{"test_f1": 0.5245901639344263, "train_f1": 0.5647382920110193, "_timestamp": 1711588086.4205625, "_runtime": 25.703675508499146, "_step": 0, "_wandb": {"runtime": 25}}