{"mean_balanced_accuracy_val": 0.6745750153085994, "mean_roc_auc_val": 0.870607180501716, "mean_average_precision_val": 0.568569038660001, "mean_average_precision_train": 0.6507967417095959, "average_precision_test": 0.6082023859551351, "roc_auc_test": 0.8763274686955144, "_timestamp": 1711586731.842824, "_runtime": 18.814401865005493, "_step": 0, "_wandb": {"runtime": 18}}