{"mean_balanced_accuracy_val": 0.5, "mean_roc_auc_val": 0.8651363550889817, "mean_average_precision_val": 0.5731140779349074, "mean_average_precision_train": 0.6318566693382996, "average_precision_test": 0.5626723511978023, "roc_auc_test": 0.8701854493580599, "_timestamp": 1711586820.8749785, "_runtime": 18.177940607070923, "_step": 0, "_wandb": {"runtime": 17}}