{"mean_balanced_accuracy_val": 0.6743967621891699, "mean_roc_auc_val": 0.8735533173823897, "mean_average_precision_val": 0.5725370919167114, "mean_average_precision_train": 0.6235067624117361, "average_precision_test": 0.6068334831665809, "roc_auc_test": 0.8842764304961166, "_timestamp": 1711586575.7743227, "_runtime": 18.26284885406494, "_step": 0, "_wandb": {"runtime": 17}}